firstName,lastName,FullName,phone,email
Anna,Bobanna,Anna Bobanna,(999) 867-5309,steuber.frederick@schowalter.biz
Inara,Conway,Inara Conway,(999) 867-5309,rigoberto.oreilly@kautzer.com
Tonicha,Love,Tonicha Love,(999) 867-5309,joelle67@stoltenberg.com
Stace,Stubbs,Stacie Stubbs,(999) 867-5309,sgoyette@hotmail.com
Lynden,Clayton,Lynden Clayton ,(999) 867-5309,alex71@gmail.com
Daria,Whitehead,Daria Whitehead ,(999) 867-5310,missouri43@wilkinson.com
Cassidy,Holder,Cassidy Holder,(999) 867-5309,uhills@hotmail.com
Tala,Ryan,Tala Ryan ,(999) 867-5309,rosalyn65@grant.com
Ezmae,Appleton,Ezmae Appleton ,(999) 867-5309,annamarie.howell@kilback.org
Ebonie,Dupont,Ebonie Dupont ,(999) 867-5309,tbreitenberg@murphy.net
Alanah,Chen,Alanah Chen ,(999) 123-4339,maybell40@koelpin.com
Leandro ,Amos ,Leandro Amos ,(999) 867-5309,windler.charlotte@gmail.com
Subhan ,Eaton ,Subhan Eaton ,(999) 867-5309,harris.marjorie@yahoo.com
Ronaldo ,Oneal ,Ronaldo Oneal ,(999) 867-5309,jledner@west.com
Kamile ,Small ,Kamile Small ,(999) 867-5309,claudie82@hintz.com
Tommy ,Schneider ,Tommy Schneider ,(999) 867-5309,fausto23@braun.info
Leonidas ,Salter ,Leonidas Salter ,(999) 867-5309,stoltenberg.cydney@hotmail.com
Eva ,Pope ,Eva Pope ,(999) 867-5309,boris64@yahoo.com
Maverick ,Mcmahon ,Maverick Mcmahon ,(999) 867-5309,verda56@gmail.com
